elapsed_seconds,phase,rss_kib,cumulative_cpu_seconds,cpu_resolution_seconds
0.413218,setup,45264,0.07,0.01
0.601249,setup,50704,0.26,0.01
0.603818,idle,50704,0.26,0.01
0.618393,idle,50704,0.26,0.01
0.827661,idle,50704,0.26,0.01
1.030276,idle,50704,0.26,0.01
1.23348,idle,50704,0.26,0.01
1.43274,idle,50704,0.26,0.01
1.637038,idle,50704,0.26,0.01
1.836198,idle,50704,0.26,0.01
2.04163,idle,50704,0.26,0.01
2.244423,idle,50704,0.26,0.01
2.448171,idle,50704,0.26,0.01
2.65374,idle,50704,0.26,0.01
2.859136,idle,50704,0.26,0.01
3.060369,idle,50704,0.26,0.01
3.262693,idle,50704,0.26,0.01
3.465224,idle,50704,0.26,0.01
3.666463,idle,50880,0.27,0.01
3.869008,idle,50880,0.27,0.01
4.069833,idle,50880,0.27,0.01
4.27288,idle,50880,0.27,0.01
4.473392,idle,50880,0.27,0.01
4.676143,idle,50880,0.27,0.01
4.879948,idle,50880,0.27,0.01
5.081689,idle,50880,0.27,0.01
5.282561,idle,50880,0.27,0.01
5.48628,idle,50880,0.27,0.01
5.680583,idle,50880,0.27,0.01
5.888243,idle,50880,0.27,0.01
6.091231,idle,50880,0.27,0.01
6.293609,idle,50880,0.27,0.01
6.49771,idle,51376,0.28,0.01
6.697509,idle,51376,0.28,0.01
6.902957,idle,51376,0.28,0.01
7.102968,idle,51376,0.28,0.01
7.310132,idle,51376,0.28,0.01
7.509704,idle,51376,0.28,0.01
7.713852,idle,51376,0.28,0.01
7.914572,idle,51376,0.28,0.01
8.113502,idle,51376,0.28,0.01
8.316742,idle,51376,0.28,0.01
8.517227,idle,51376,0.28,0.01
8.721286,idle,51376,0.28,0.01
8.921778,idle,51376,0.28,0.01
9.124578,idle,51376,0.28,0.01
9.328027,idle,51376,0.28,0.01
9.528246,idle,51376,0.28,0.01
9.731984,idle,51376,0.28,0.01
9.932152,idle,51376,0.28,0.01
10.134574,idle,51376,0.28,0.01
10.337947,idle,51376,0.28,0.01
10.53725,idle,51376,0.28,0.01
10.611828,idle,51376,0.28,0.01
10.628982,load,51376,0.28,0.01
10.737717,load,51488,0.29,0.01
10.943245,load,51536,0.3,0.01
11.143428,load,51728,0.33,0.01
11.344368,load,51776,0.34,0.01
11.548331,load,51792,0.35,0.01
11.749502,load,51856,0.38,0.01
11.952702,load,51872,0.38,0.01
12.153631,load,51952,0.39,0.01
12.354037,load,53216,0.43,0.01
12.555097,load,53360,0.44,0.01
12.757891,load,53360,0.44,0.01
12.962198,load,53392,0.47,0.01
13.163089,load,53440,0.48,0.01
13.365291,load,53440,0.49,0.01
13.56624,load,53568,0.53,0.01
13.766823,load,53616,0.54,0.01
13.968798,load,53632,0.55,0.01
14.170383,load,53648,0.57,0.01
14.384475,load,53696,0.58,0.01
14.5759,load,53904,0.6,0.01
14.776378,load,54240,0.63,0.01
14.977244,load,54288,0.64,0.01
15.181489,load,54304,0.64,0.01
15.380396,load,54576,0.68,0.01
15.583306,load,54624,0.69,0.01
15.785136,load,54640,0.7,0.01
15.988412,load,54704,0.73,0.01
16.189003,load,54736,0.73,0.01
16.394308,load,54768,0.74,0.01
16.593769,load,55232,0.79,0.01
16.797526,load,55248,0.8,0.01
16.999283,load,55312,0.8,0.01
17.201198,load,55344,0.83,0.01
17.402808,load,55440,0.84,0.01
17.60517,load,55472,0.85,0.01
17.807304,load,55488,0.89,0.01
18.008873,load,55520,0.9,0.01
18.211914,load,55552,0.91,0.01
18.415786,load,55552,0.93,0.01
18.620136,load,55568,0.94,0.01
18.819783,load,55568,0.95,0.01
19.022405,load,55760,0.99,0.01
19.223552,load,55760,0.99,0.01
19.426495,load,55760,1,0.01
19.628666,load,55760,1.02,0.01
19.832291,load,55824,1.03,0.01
20.033667,load,55840,1.06,0.01
20.233915,load,55840,1.08,0.01
20.436398,load,55904,1.08,0.01
20.636999,load,55904,1.09,0.01
20.838748,load,55904,1.13,0.01
21.040293,load,55968,1.14,0.01
21.241429,load,55968,1.14,0.01
21.440977,load,56048,1.17,0.01
21.640364,load,56048,1.18,0.01
21.842412,load,56048,1.19,0.01
22.043011,load,56112,1.23,0.01
22.242501,load,56112,1.24,0.01
22.443262,load,56112,1.24,0.01
22.643262,load,56176,1.27,0.01
22.842786,load,56176,1.28,0.01
23.045093,load,56176,1.29,0.01
23.245324,load,56240,1.33,0.01
23.444455,load,56272,1.34,0.01
23.645164,load,56272,1.34,0.01
23.846462,load,56272,1.37,0.01
24.04607,load,56272,1.38,0.01
24.247924,load,56272,1.39,0.01
24.449108,load,56352,1.43,0.01
24.648166,load,56384,1.44,0.01
24.847909,load,56448,1.45,0.01
25.049056,load,56464,1.47,0.01
25.248504,load,56464,1.48,0.01
25.448323,load,56464,1.49,0.01
25.64959,load,56528,1.53,0.01
25.850658,load,56528,1.54,0.01
26.049712,load,56528,1.56,0.01
26.250197,load,56592,1.57,0.01
26.449884,load,56592,1.58,0.01
26.650367,load,56592,1.59,0.01
26.853494,load,57088,1.63,0.01
27.052645,load,57136,1.64,0.01
27.255291,load,57136,1.66,0.01
27.458038,load,57168,1.67,0.01
27.659147,load,57200,1.68,0.01
27.858069,load,57296,1.72,0.01
28.065399,load,57296,1.73,0.01
28.266116,load,57296,1.74,0.01
28.465376,load,57296,1.76,0.01
28.668845,load,57312,1.77,0.01
28.872499,load,57344,1.78,0.01
29.071242,load,57424,1.82,0.01
29.277961,load,57424,1.83,0.01
29.481103,load,57424,1.84,0.01
29.678087,load,57424,1.86,0.01
29.884665,load,57424,1.87,0.01
30.086604,load,57424,1.88,0.01
30.283528,load,57488,1.92,0.01
30.491009,load,57488,1.93,0.01
30.692365,load,57488,1.94,0.01
30.89055,load,57488,1.96,0.01
31.096862,load,57520,1.97,0.01
31.298466,load,57552,1.97,0.01
31.49696,load,57616,2.02,0.01
31.703546,load,57616,2.03,0.01
31.903741,load,57616,2.03,0.01
32.103545,load,57616,2.06,0.01
32.309208,load,57616,2.07,0.01
32.510449,load,57632,2.07,0.01
32.70934,load,57680,2.12,0.01
32.915762,load,57680,2.13,0.01
33.114818,load,57680,2.13,0.01
33.314938,load,57728,2.16,0.01
33.522734,load,57744,2.18,0.01
33.72318,load,57744,2.19,0.01
33.921471,load,57792,2.21,0.01
34.128277,load,57808,2.22,0.01
34.329107,load,57808,2.23,0.01
34.526531,load,57824,2.27,0.01
34.729748,load,57824,2.28,0.01
34.934165,load,57824,2.29,0.01
35.135215,load,58176,2.31,0.01
35.334738,load,58176,2.32,0.01
35.537227,load,58176,2.33,0.01
35.736797,load,58240,2.37,0.01
35.938567,load,58240,2.38,0.01
36.144412,load,58240,2.38,0.01
36.345244,load,58304,2.41,0.01
36.546785,load,58304,2.42,0.01
36.748307,load,58304,2.43,0.01
36.950355,load,58320,2.47,0.01
37.156255,load,58336,2.48,0.01
37.360035,load,58368,2.48,0.01
37.563749,load,58384,2.51,0.01
37.763926,load,58384,2.52,0.01
37.964717,load,58400,2.52,0.01
38.170476,load,58448,2.57,0.01
38.371903,load,58448,2.58,0.01
38.574395,load,58448,2.59,0.01
38.774632,load,58512,2.61,0.01
38.976676,load,58512,2.62,0.01
39.178298,load,58512,2.63,0.01
39.379661,load,58528,2.67,0.01
39.582221,load,58544,2.68,0.01
39.782651,load,58576,2.69,0.01
39.985296,load,58592,2.71,0.01
40.188072,load,58592,2.72,0.01
40.392598,load,58592,2.75,0.01
40.595401,load,58656,2.77,0.01
40.639416,load,58656,2.77,0.01
40.645729,cooldown,58656,2.77,0.01
40.796022,cooldown,58656,2.77,0.01
40.993974,cooldown,58656,2.77,0.01
41.199052,cooldown,58656,2.77,0.01
41.400988,cooldown,58656,2.77,0.01
41.603384,cooldown,58656,2.77,0.01
41.803334,cooldown,58656,2.77,0.01
42.006973,cooldown,58656,2.77,0.01
42.205226,cooldown,58656,2.77,0.01
42.407008,cooldown,58656,2.77,0.01
42.60742,cooldown,58656,2.77,0.01
42.812308,cooldown,58656,2.77,0.01
43.013088,cooldown,58656,2.77,0.01
43.215071,cooldown,58656,2.77,0.01
43.417517,cooldown,58656,2.77,0.01
43.61991,cooldown,58768,2.78,0.01
43.821965,cooldown,58768,2.78,0.01
44.022929,cooldown,58768,2.78,0.01
44.226464,cooldown,58768,2.78,0.01
44.427928,cooldown,58768,2.78,0.01
44.631311,cooldown,58768,2.78,0.01
44.833571,cooldown,58768,2.78,0.01
45.034879,cooldown,58768,2.78,0.01
45.23621,cooldown,58768,2.78,0.01
45.439818,cooldown,58768,2.78,0.01
45.641515,cooldown,58768,2.78,0.01
45.65233,cooldown,58768,2.78,0.01
